{
    "example1": {
        "phenotypes": [
            0.0721285235069728,
            -0.08342621187832498,
            0.09257209040841463,
            -0.09806618186795105,
            -0.07214215451882498,
            0.09459696144061389,
            -0.0817475887660894,
            -0.010281021920362066,
            0.05605483256133248,
            -0.07689396739252422,
            -0.01049731994402725,
            -0.013936812436894236,
            0.04575457993246071,
            -0.06386993495894733,
            -0.03504541453723756,
            0.057611766637274714,
            -0.024785261189638016,
            0.09116492336501161,
            -0.027711482406146612,
            0.037091362186751214,
            0.07720990287701782,
            -0.010646854088242091,
            -0.09048449805875035,
            0.07068098281436308,
            0.02680136999706087,
            -0.033404978955406534,
            0.060392202205380746,
            -0.04585378481234548,
            0.06334872308293621,
            -0.08887926569507615,
            -0.05251876441202035,
            0.04829297826406981,
            -0.09096990059848219,
            0.012294455143016553,
            -0.05840610416746646,
            0.0742440397186093,
            0.014562612833599081,
            -0.0805672808375229,
            0.056693229517736254,
            -0.01667245015869226,
            0.012498184006136476,
            0.03412311043048272,
            0.029751884341494894,
            -0.0218694661900406,
            0.031250185853849616,
            0.013482136689650856,
            0.05216002517939877,
            -0.028188517915494357,
            -0.08003172348049839,
            -0.06490892909677567,
            0.022344549380452938,
            -0.05001461813582236,
            -0.05369857014017279,
            0.023315455686876943,
            -0.09560836692966962,
            0.0066514078727688275,
            0.041806223163831924,
            0.08821785488787384,
            0.009517362029979257,
            -0.09754521250467887,
            0.0838498416849551,
            0.08997588146730637,
            -0.09782898540427183,
            0.041027327780910144,
            -0.099520781944471,
            0.05529809136154515,
            0.05054724526070109
        ]
    },
    "example2": {
        "phenotypes": [
            -0.036402671986859786,
            -0.08851650879973734,
            -0.07954101869134958,
            0.0685098324161584,
            0.09271151907837252,
            0.07022794511175975,
            0.033549100767845175,
            -0.029375451811084252,
            0.045602766580375265,
            0.09296619154930855,
            0.02415286191818604,
            -0.09982834931436689,
            0.017064804475533962,
            -0.03153136729384638,
            0.09504837606144784,
            -0.09262307536295185,
            0.03440330601077482,
            0.0412734062215859,
            0.019381045881713563,
            -0.07139849234882088,
            0.018145827223777555,
            -0.02871281844618749,
            0.03214803801178703,
            -0.033780495147038514,
            0.08579309402730448,
            -0.08324513278972162,
            -0.01450698636725374,
            0.08276647304199766,
            0.052130497669163084,
            0.03778383208074948,
            0.01705557467655161,
            -0.04221543184622938,
            -0.011385362814534214,
            0.0553888790014847,
            -0.09066594271000726,
            -0.0715028293863017,
            0.032217605180082654,
            -0.003006629691815796,
            0.023348121604037098,
            0.038304598451799066,
            0.09065118500580005,
            0.06317067683108335,
            -0.02727300297474626,
            0.046116407801109593,
            0.06565222558472755,
            -0.011510429046872467,
            0.06199492888761124,
            -0.06839190704101075,
            -0.032180544175619316,
            0.06529483583043635,
            -0.08994769818789401,
            -0.03048971906774499,
            -0.015701646691519605,
            -0.05549923060624382,
            -0.013709584761201432,
            -0.029503885380209205,
            0.008120053889984463,
            0.06594272016598099,
            0.034122848861683014,
            0.02320231461369207,
            0.042892856115224476,
            0.03965671889525804,
            0.07581524688237071,
            0.0027292363665042813,
            0.07273995065820568,
            -0.0899376333598124,
            0.07501228047812172
        ]
    }
}